session,mode,trial_in_point,theta_deg,distance_cm,peak_ac_mv,rms_ac_mv,noise_floor_mv,snr_db,n_samples,wall_time_s
session1,theta_deg,0,0,30.0000,-1560.4421,31.4251,31.1364,33.9996,17792,1.78
session1,theta_deg,1,0,30.0000,1481.0377,79.9103,30.6091,33.6943,6445,2.42
session1,theta_deg,2,0,30.0000,1561.5097,80.4481,88.9853,24.8845,6348,3.06
session1,theta_deg,3,0,30.0000,1542.8661,80.1300,89.2434,24.7550,6381,3.70
session1,theta_deg,4,0,30.0000,1548.8405,78.6354,87.9315,24.9172,6348,4.33
session1,theta_deg,5,0,30.0000,1496.6938,77.9076,87.6533,24.6473,6488,4.98
session1,theta_deg,6,0,30.0000,1474.2725,80.8274,89.4866,24.3364,6423,5.62
session1,theta_deg,7,0,30.0000,1471.6672,79.9182,88.6460,24.4030,6530,6.28
session1,theta_deg,8,0,30.0000,1440.2501,78.9352,88.2157,24.2578,6424,6.92
session1,theta_deg,9,0,30.0000,1545.6002,79.6343,89.3479,24.7603,6402,7.56
session1,theta_deg,10,0,30.0000,1473.5783,80.3505,89.4139,24.3394,6434,8.20
session1,theta_deg,11,0,30.0000,1505.3762,79.7117,88.9821,24.5668,6466,8.85
session1,theta_deg,0,15,30.0000,1510.4474,35.9890,36.0675,32.4398,80194,16.87
session1,theta_deg,1,15,30.0000,220.9909,30.2643,30.9665,17.0697,6506,17.52
session1,theta_deg,2,15,30.0000,-206.1862,31.8429,31.6510,16.2774,6400,18.16
session1,theta_deg,3,15,30.0000,-211.9438,29.1522,30.0880,16.9566,6400,18.80
session1,theta_deg,4,15,30.0000,-195.1083,36.4445,37.8259,14.2497,6304,19.43
session1,theta_deg,5,15,30.0000,233.3719,34.7672,35.3922,16.3828,6283,20.06
session1,theta_deg,6,15,30.0000,-211.0008,36.7014,37.2139,15.0716,6421,20.70
session1,theta_deg,7,15,30.0000,204.3514,29.3107,28.9885,16.9630,6454,21.34
session1,theta_deg,8,15,30.0000,189.7652,35.5073,37.1177,14.1727,6432,21.99
session1,theta_deg,9,15,30.0000,234.6048,32.2402,32.6097,17.1398,6389,22.63
session1,theta_deg,10,15,30.0000,-217.7549,33.9800,35.1284,15.8462,6443,23.27
session1,theta_deg,11,15,30.0000,213.2222,33.7935,35.3989,15.5968,6485,23.92
session1,theta_deg,0,30,30.0000,-260.0650,29.8877,29.8698,18.7970,179467,41.88
session1,theta_deg,1,30,30.0000,-133.1567,31.2620,33.1074,12.0888,6570,42.52
session1,theta_deg,2,30,30.0000,-116.3132,29.8414,30.0921,11.7435,6464,43.17
session1,theta_deg,3,30,30.0000,-125.1458,27.9370,28.6811,12.7964,6443,43.81
session1,theta_deg,4,30,30.0000,153.8857,25.2042,26.3083,15.3421,6421,44.46
session1,theta_deg,5,30,30.0000,-157.3341,28.3494,27.8632,15.0358,6379,45.09
session1,theta_deg,6,30,30.0000,128.1168,28.5571,28.4047,13.0843,6443,45.74
session1,theta_deg,7,30,30.0000,-155.9377,28.1644,27.5724,15.0495,6368,46.37
session1,theta_deg,8,30,30.0000,-148.9784,25.6564,25.6767,15.2717,6325,47.01
session1,theta_deg,9,30,30.0000,-130.2946,30.3971,29.5631,12.8835,6379,47.64
session1,theta_deg,10,30,30.0000,-123.0792,31.2276,31.8094,11.7526,6464,48.29
session1,theta_deg,11,30,30.0000,148.3220,27.4819,28.7441,14.2531,6464,48.94
session1,theta_deg,0,45,30.0000,-114.0902,27.4048,27.3882,12.3937,130880,62.04
session1,theta_deg,1,45,30.0000,-73.4998,26.1691,25.6996,9.1272,6485,62.67
session1,theta_deg,2,45,30.0000,1729.2098,225.5128,255.4570,16.6106,6469,63.32
session1,theta_deg,3,45,30.0000,1730.6360,159.8494,181.1056,19.6055,6456,63.97
session1,theta_deg,4,45,30.0000,1730.8031,160.9235,179.1222,19.7020,6242,64.59
session1,theta_deg,5,45,30.0000,1731.7063,159.6681,181.0482,19.6136,6488,65.24
session1,theta_deg,6,45,30.0000,1731.6282,159.8459,180.8528,19.6226,6477,65.89
session1,theta_deg,7,45,30.0000,1731.8741,160.8474,180.8840,19.6223,6402,66.53
session1,theta_deg,8,45,30.0000,1731.5418,158.9405,180.2678,19.6503,6488,67.18
session1,theta_deg,9,45,30.0000,1731.8286,159.6625,179.9759,19.6658,6425,67.82
session1,theta_deg,10,45,30.0000,1730.9413,159.0314,178.7941,19.7186,6370,68.46
session1,theta_deg,11,45,30.0000,1729.6998,159.1892,179.7465,19.6662,6445,69.10
session1,theta_deg,0,60,30.0000,1731.8493,48.3347,48.5766,31.0417,108311,79.94
session1,theta_deg,1,60,30.0000,63.8092,24.5230,23.5523,8.6570,6507,80.58
session1,theta_deg,2,60,30.0000,1715.0346,87.4449,97.4924,24.9060,6370,81.22
session1,theta_deg,3,60,30.0000,1731.9202,87.9155,97.3094,25.0075,6253,81.85
session1,theta_deg,4,60,30.0000,1624.6481,86.0135,95.4158,24.6228,6349,82.48
session1,theta_deg,5,60,30.0000,1709.3833,87.2915,97.7389,24.8554,6455,83.13
session1,theta_deg,6,60,30.0000,1628.9510,85.3530,95.6756,24.6221,6499,83.78
session1,theta_deg,7,60,30.0000,1634.9810,86.4010,96.4642,24.5829,6391,84.41
session1,theta_deg,8,60,30.0000,1622.3511,84.9624,95.4208,24.6100,6456,85.06
session1,theta_deg,9,60,30.0000,1645.7888,85.9036,96.3071,24.6543,6456,85.71
session1,theta_deg,10,60,30.0000,1646.2570,85.2385,94.9383,24.7811,6456,86.35
session1,theta_deg,11,60,30.0000,1645.1998,86.6507,97.1732,24.5734,6434,87.00
session1,theta_deg,0,75,30.0000,1664.4263,38.9296,39.1254,32.5761,75799,94.58
session1,theta_deg,1,75,30.0000,-76.9773,33.5283,34.3897,6.9987,6507,95.23
session1,theta_deg,2,75,30.0000,-219.4805,35.7704,37.6135,15.3211,6421,95.87
session1,theta_deg,3,75,30.0000,216.8730,29.4624,29.3539,17.3708,6475,96.51
session1,theta_deg,4,75,30.0000,-241.7272,32.6467,33.0894,17.2727,6389,97.15
session1,theta_deg,5,75,30.0000,-215.6980,28.9995,28.6006,17.5494,6475,97.80
session1,theta_deg,6,75,30.0000,243.4071,32.3982,33.4841,17.2299,6368,98.44
session1,theta_deg,7,75,30.0000,-237.6407,33.2434,35.5066,16.5122,6464,99.08
session1,theta_deg,8,75,30.0000,-208.0674,30.3992,32.1360,16.2242,6475,99.73
session1,theta_deg,9,75,30.0000,210.4681,30.5226,31.3274,16.5452,6464,100.38
session1,theta_deg,10,75,30.0000,-206.2166,34.1915,35.5887,15.2602,6474,101.03
session1,theta_deg,11,75,30.0000,196.1830,33.3314,35.0712,14.9542,6454,101.67
session1,theta_deg,0,0,30.0000,80.2768,29.0437,29.4611,8.7068,18975,1.90
session1,theta_deg,1,0,30.0000,73.7045,29.3213,29.4648,7.9638,6368,2.54
session1,theta_deg,2,0,30.0000,1517.3654,79.4741,89.5351,24.5819,6499,3.19
session1,theta_deg,3,0,30.0000,1516.2629,81.6660,89.7781,24.5521,6402,3.83
session1,theta_deg,4,0,30.0000,1701.2196,83.7306,93.5700,25.1925,6476,4.47
session1,theta_deg,5,0,30.0000,1537.9956,83.2277,92.1152,24.4525,6349,5.11
session1,theta_deg,6,0,30.0000,1550.2827,82.6867,91.1926,24.6090,6263,5.73
session1,theta_deg,7,0,30.0000,1605.9723,82.0953,92.1678,24.8232,6445,6.38
session1,theta_deg,8,0,30.0000,1506.9484,83.9581,93.1609,24.1773,6445,7.02
session1,theta_deg,9,0,30.0000,1680.3818,85.2751,95.4011,24.9171,6412,7.66
session1,theta_deg,10,0,30.0000,1481.0244,80.6704,90.8099,24.2486,6488,8.31
session1,theta_deg,11,0,30.0000,1525.0079,79.8623,88.7828,24.6989,6402,8.95
session1,theta_deg,0,15,30.0000,1505.3257,38.1181,38.1752,31.9170,63671,15.32
session1,theta_deg,1,15,30.0000,-189.3330,29.0837,25.9694,17.2553,6432,15.96
session1,theta_deg,2,15,30.0000,-172.2223,31.0057,31.4360,14.7732,6475,16.61
session1,theta_deg,3,15,30.0000,227.8260,33.1920,34.0628,16.5065,6475,17.26
session1,theta_deg,4,15,30.0000,-193.8503,32.2990,33.6427,15.2115,6421,17.90
session1,theta_deg,5,15,30.0000,210.6801,33.2272,35.0337,15.5828,6443,18.55
session1,theta_deg,6,15,30.0000,205.8861,32.4547,33.2374,15.8400,6453,19.19
session1,theta_deg,7,15,30.0000,-204.6925,32.2735,32.5449,15.9724,6432,19.83
session1,theta_deg,8,15,30.0000,194.4290,30.7017,31.3083,15.8620,6421,20.48
session1,theta_deg,9,15,30.0000,-203.6642,27.8337,28.5642,17.0618,6358,21.11
session1,theta_deg,10,15,30.0000,175.2746,29.4276,30.4758,15.1953,6293,21.74
session1,theta_deg,11,15,30.0000,208.0666,28.2165,29.1924,17.0587,6464,22.39
