session,mode,trial_in_point,kind,is_warmup,theta_deg,distance_cm,status,snr_db,level_db,rms_mv,peak_mv,crest_db,spike_db,persist,tilt_db,band0_db,band1_db,band2_db,latency_ms,noise_rms_mv,fs_hz,fs_dev_pct,clip_count,dirty_ratio,wall_time_s
session1,theta_deg,0,signal,1,0,30.0000,OK,50.1673,54.5907,536.4600,1209.5839,7.0619,9.3013,1.0000,-2.8397,50.6718,50.2673,47.8321,528.3947,1.6641,9984.9601,-0.0882,0,1.3491,18.1978
session1,theta_deg,1,signal,0,0,30.0000,OK,51.9218,54.5703,535.2017,1225.2883,7.1944,8.8150,1.0000,-2.7638,50.5680,50.3044,47.8042,532.7681,1.3565,9994.9675,0.0119,0,1.3841,19.7124
session1,theta_deg,2,signal,0,0,30.0000,OK,53.5206,54.5888,536.3409,1290.5013,7.6263,8.8284,1.0000,-2.8012,50.5822,50.3369,47.7811,539.6045,1.1309,9964.7048,-0.2909,0,1.2490,21.2346
session1,theta_deg,3,signal,0,0,30.0000,OK,52.1175,54.5887,536.3350,1338.9623,7.9466,7.4936,1.0000,-2.4938,50.4534,50.4581,47.9596,537.2462,1.3291,9986.1114,-0.0767,0,1.2515,22.7426
session1,theta_deg,4,signal,0,0,30.0000,OK,52.3851,54.5318,532.8342,1278.2609,7.6005,8.3295,1.0000,-2.5218,50.4043,50.4482,47.8826,522.5704,1.2804,9989.0854,-0.0470,0,1.2094,24.2591
session1,theta_deg,5,signal,0,0,30.0000,OK,52.1057,54.5428,533.5047,1338.8199,7.9917,7.7684,1.0000,-2.4907,50.3962,50.4484,47.9055,525.3252,1.3239,9990.0025,-0.0378,0,1.2385,25.7736
session1,theta_deg,6,signal,0,0,30.0000,OK,52.1472,54.5455,533.6753,1388.1107,8.3029,8.0263,1.0000,-2.4792,50.3956,50.4336,47.9164,530.1335,1.3180,9993.7087,-0.0007,0,1.3558,27.2826
session1,theta_deg,7,signal,0,0,30.0000,OK,49.7918,54.5384,533.2349,1339.3582,7.9995,8.6360,1.0000,-2.4622,50.3904,50.4200,47.9281,516.7255,1.7272,9993.7006,-0.0008,0,1.1513,28.7925
session1,theta_deg,8,null,0,0,30.0000,NULL,2.2268,1.8684,1.2400,12.9944,16.4398,18.9639,0.1239,nan,nan,nan,nan,nan,1.5151,9993.0509,-0.0073,0,1.3098,30.3033
session1,theta_deg,9,null,0,0,30.0000,NULL,0.6482,-4.3752,0.6043,8.9100,14.7922,16.2688,0.0817,nan,nan,nan,nan,nan,1.5061,9991.7761,-0.0200,0,1.3816,31.8099
session1,theta_deg,0,signal,1,45,30.0000,OK,53.4674,54.8615,553.4448,1272.9529,7.2347,7.3570,1.0000,-3.0937,51.0481,50.6772,47.9544,515.4106,1.1741,9995.9139,0.0214,0,1.4076,33.7221
session1,theta_deg,1,signal,0,45,30.0000,OK,50.6693,54.5008,530.9314,1107.0996,6.3829,7.9004,1.0000,-2.5618,50.4793,50.2019,47.9175,539.9501,1.5544,9991.6638,-0.0212,0,1.2660,35.2355
session1,theta_deg,2,signal,0,45,30.0000,OK,46.8222,54.4950,530.5818,1205.2966,7.1267,7.9409,0.9992,-2.7043,50.5151,50.3102,47.8108,523.3359,2.4191,9984.0279,-0.0976,0,1.1344,36.7436
session1,theta_deg,3,signal,0,45,30.0000,OK,41.7455,54.5833,536.0030,1298.4727,7.6850,8.3610,0.9992,-2.8373,50.6291,50.4121,47.7918,533.5238,4.3844,9990.1821,-0.0360,0,1.1738,38.2577
session1,theta_deg,4,signal,0,45,30.0000,OK,48.1381,54.5689,535.1154,1297.1489,7.6908,8.6209,1.0000,-2.8091,50.6173,50.3783,47.8081,539.2064,2.0967,9994.3179,0.0054,0,1.3354,39.7687
session1,theta_deg,5,signal,0,45,30.0000,OK,53.9229,54.9656,560.1197,1474.7439,8.4087,7.3194,1.0000,-3.1786,51.1179,51.0151,47.9393,523.7247,1.1276,9988.0713,-0.0571,1,1.2374,41.2822
session1,theta_deg,6,signal,0,45,30.0000,OK,53.0678,54.8536,552.9444,1312.8848,7.5109,7.3155,1.0000,-3.0506,51.0229,50.7036,47.9723,530.8137,1.2283,9988.4378,-0.0534,1,1.2358,42.8017
session1,theta_deg,7,signal,0,45,30.0000,OK,53.2320,54.8280,551.3167,1319.2529,7.5785,7.4747,1.0000,-3.1438,51.0218,50.6942,47.8780,529.4218,1.2017,9984.4776,-0.0931,0,1.3530,44.3219
session1,theta_deg,8,null,0,45,30.0000,NULL,4.3778,5.2778,1.8361,10.2218,12.9409,14.2875,0.2773,nan,nan,nan,nan,nan,1.3919,9986.8275,-0.0695,0,1.1944,45.8327
session1,theta_deg,9,null,0,45,30.0000,NULL,3.4548,1.7499,1.2232,9.7316,15.4066,17.1391,0.1841,nan,nan,nan,nan,nan,1.1095,9990.2737,-0.0351,0,1.3533,47.3445
session1,theta_deg,0,signal,1,90,30.0000,OK,49.4165,52.4943,421.4222,1106.9139,8.3879,8.0510,1.0000,0.9975,47.2744,47.3316,48.2719,532.6555,1.4253,9997.0804,0.0330,0,1.1260,81.7954
session1,theta_deg,1,signal,0,90,30.0000,OK,51.1566,52.4753,420.4991,1146.4429,8.7117,9.1138,1.0000,0.9540,47.3515,47.2607,48.3055,534.6863,1.1640,9996.5157,0.0274,0,1.2345,83.3216
session1,theta_deg,2,signal,0,90,30.0000,OK,48.9207,52.4593,419.7271,1141.8680,8.6929,8.9326,0.9985,0.9503,47.3113,47.3204,48.2616,529.7373,1.5029,9997.4083,0.0363,0,1.2568,84.8316
session1,theta_deg,3,signal,0,90,30.0000,OK,49.9706,52.3828,416.0465,1117.7592,8.5841,8.6433,1.0000,0.9717,47.2598,47.1738,48.2315,540.2357,1.3201,9984.5312,-0.0925,0,1.3866,86.3501
session1,theta_deg,4,signal,0,90,30.0000,OK,47.5825,52.3805,415.9360,1175.6651,9.0251,8.7344,1.0000,0.9220,47.2549,47.2336,48.1769,541.5984,1.7374,9985.2577,-0.0853,0,1.3773,87.8683
session1,theta_deg,5,signal,0,90,30.0000,OK,47.9260,52.3576,414.8374,1216.6710,9.3458,8.6297,1.0000,0.9612,47.2488,47.1099,48.2100,543.1059,1.6656,9981.4788,-0.1231,0,1.3011,89.3825
session1,theta_deg,6,signal,0,90,30.0000,OK,50.2507,52.4318,418.3967,1115.8295,8.5202,8.7310,1.0000,0.9478,47.2730,47.2910,48.2208,522.4141,1.2855,9990.1589,-0.0362,0,1.2388,90.8976
session1,theta_deg,7,signal,0,90,30.0000,OK,50.9298,52.3599,414.9511,1198.3921,9.2120,8.5699,1.0000,0.9705,47.2397,47.1232,48.2102,527.0089,1.1790,9988.4460,-0.0533,0,1.2795,92.4110
session1,theta_deg,8,null,0,90,30.0000,FALSE_ALARM,15.7770,16.3196,6.5461,25.2082,11.5948,10.3052,0.9353,1.1909,10.7039,11.1419,11.8948,609.1035,1.0788,9988.4503,-0.0533,0,1.2000,93.9306
session1,theta_deg,9,null,0,90,30.0000,NULL,7.8652,8.0824,2.5358,12.1864,12.8598,13.6792,0.5324,nan,nan,nan,nan,nan,1.1211,9988.2271,-0.0555,0,1.2387,95.4443
session1,theta_deg,0,signal,1,135,30.0000,OK,47.5521,52.4717,420.3242,1135.3376,8.6307,8.5042,1.0000,-1.3153,47.0177,48.9440,45.7025,537.7676,1.7619,9987.5865,-0.0620,0,1.3929,109.9925
session1,theta_deg,1,signal,0,135,30.0000,OK,49.2023,52.3878,416.2838,1051.7419,8.0503,8.0707,1.0000,-1.3543,46.9652,48.9066,45.6109,522.7868,1.4430,9984.9502,-0.0883,0,1.4248,111.5087
session1,theta_deg,2,signal,0,135,30.0000,OK,50.6000,52.3646,415.1757,1059.9227,8.1408,8.1918,0.9992,-1.3355,46.9312,48.8780,45.5957,526.5724,1.2253,9994.8265,0.0105,0,1.3906,113.0284
session1,theta_deg,3,signal,0,135,30.0000,OK,50.8529,52.4059,417.1531,1121.5016,8.5901,8.6391,1.0000,-1.3465,46.9877,48.8911,45.6413,525.8539,1.1958,9989.4672,-0.0431,0,1.4081,114.5380
session1,theta_deg,4,signal,0,135,30.0000,OK,50.3042,52.3720,415.5264,1083.5142,8.3247,8.3185,1.0000,-1.3466,46.9403,48.8747,45.5937,537.6949,1.2688,9988.9352,-0.0485,0,1.1974,116.0574
session1,theta_deg,5,signal,0,135,30.0000,OK,51.6094,52.3945,416.6032,1094.1072,8.3867,9.3903,1.0000,-1.3369,46.9631,48.8909,45.6262,537.9156,1.0946,9988.5560,-0.0522,0,1.3362,117.5665
session1,theta_deg,6,signal,0,135,30.0000,OK,50.3635,52.3679,415.3337,1088.7238,8.3704,8.0421,1.0000,-1.2887,46.9054,48.8697,45.6167,522.5975,1.2596,9992.3946,-0.0138,0,1.4283,119.0826
session1,theta_deg,7,signal,0,135,30.0000,OK,48.5928,52.3675,415.3114,1101.3549,8.4710,8.7484,1.0000,-1.2859,46.9118,48.8618,45.6259,527.4879,1.5443,9985.0624,-0.0872,0,1.5548,120.5996
session1,theta_deg,8,null,0,135,30.0000,NULL,1.5133,1.5872,1.2005,12.8770,15.2957,17.7745,0.1201,nan,nan,nan,nan,nan,1.8594,9997.8855,0.0411,0,1.4123,122.1152
session1,theta_deg,9,null,0,135,30.0000,NULL,5.7430,7.5393,2.3821,12.6286,13.1418,14.2462,0.3359,nan,nan,nan,nan,nan,1.4359,9989.7779,-0.0400,0,1.3969,123.6285
session1,theta_deg,0,signal,1,180,30.0000,OK,46.1738,50.4473,332.9399,872.1387,8.3643,6.8145,1.0000,0.1424,45.3258,46.0825,45.4682,525.7787,1.6356,10002.3076,0.0854,0,1.4357,141.2535
session1,theta_deg,1,signal,0,180,30.0000,OK,47.8109,50.3183,328.0297,897.4628,8.7420,7.3522,1.0000,0.1383,45.2758,45.8723,45.4141,528.6576,1.3347,9995.1268,0.0135,0,1.4906,142.7740
session1,theta_deg,2,signal,0,180,30.0000,OK,50.1445,50.3707,330.0145,854.3980,8.2625,7.2340,1.0000,-0.1410,45.5785,45.7909,45.4375,529.3303,1.0264,9989.9809,-0.0380,0,1.3896,144.2826
session1,theta_deg,3,signal,0,180,30.0000,OK,49.9208,50.4451,332.8567,903.3728,8.6722,8.5800,0.9992,-0.1155,45.6154,45.8351,45.4999,514.7887,1.0622,9992.4485,-0.0133,0,1.4043,145.8004
session1,theta_deg,4,signal,0,180,30.0000,OK,50.4449,50.4333,332.4039,890.9837,8.5640,7.9840,1.0000,-0.0495,45.5943,45.8157,45.5447,516.8308,0.9987,9985.8600,-0.0792,0,1.3517,147.3195
session1,theta_deg,5,signal,0,180,30.0000,OK,50.5587,50.4340,332.4317,919.9903,8.8416,7.8696,1.0000,-0.0318,45.5896,45.8133,45.5578,517.5007,0.9858,9986.4592,-0.0732,0,1.3489,148.8388
session1,theta_deg,6,signal,0,180,30.0000,OK,49.4011,50.4155,331.7243,899.6304,8.6657,8.2853,1.0000,-0.1762,45.6285,45.7946,45.4522,544.8784,1.1239,9993.0548,-0.0072,0,1.4292,150.3509
session1,theta_deg,7,signal,0,180,30.0000,OK,48.5165,50.4003,331.1434,861.5244,8.3050,7.2436,1.0000,-0.1468,45.6281,45.7876,45.4812,526.8219,1.2422,9982.5013,-0.1128,0,1.4909,151.8678
session1,theta_deg,8,null,0,180,30.0000,NULL,2.0550,1.2997,1.1614,10.1366,14.5813,17.1226,0.1364,nan,nan,nan,nan,nan,1.4931,9984.9523,-0.0883,0,1.4219,153.3788
session1,theta_deg,9,null,0,180,30.0000,NULL,5.9753,7.0888,2.2617,14.0776,14.6172,16.8219,0.3089,nan,nan,nan,nan,nan,1.3149,9990.0923,-0.0369,0,1.4788,154.8850
session1,theta_deg,0,signal,1,225,30.0000,OK,44.6029,47.1480,227.7198,730.2174,10.1209,9.6301,0.9992,-2.1504,43.8941,40.9413,41.7437,529.1779,1.3405,9998.5281,0.0475,0,1.5221,169.0967
session1,theta_deg,1,signal,0,225,30.0000,OK,42.8753,46.9965,223.7826,620.8402,8.8628,8.3108,0.9992,-3.9254,44.1083,41.8647,40.1829,532.8023,1.6072,9986.8184,-0.0696,0,1.4780,170.6063
session1,theta_deg,2,signal,0,225,30.0000,OK,45.1888,47.1764,228.4657,692.5052,9.6319,10.3805,1.0000,-2.7975,43.9982,41.6229,41.2007,517.5403,1.2572,10001.1542,0.0738,0,1.4077,172.1206
session1,theta_deg,3,signal,0,225,30.0000,OK,48.0901,47.4349,235.3656,708.3594,9.5701,9.0610,1.0000,-2.2087,43.9907,41.9316,41.7820,523.7136,0.9273,9988.2844,-0.0550,0,1.3638,173.6375
session1,theta_deg,4,signal,0,225,30.0000,OK,46.7193,47.3732,233.7001,723.9852,9.8213,10.7015,1.0000,-2.2316,43.9318,41.8508,41.7002,525.4696,1.0782,9991.0629,-0.0272,0,1.3769,175.1583
session1,theta_deg,5,signal,0,225,30.0000,OK,48.0680,47.5778,239.2715,756.0432,9.9930,9.5250,1.0000,-1.9879,43.9939,42.1365,42.0059,524.0434,0.9451,9993.4464,-0.0033,0,1.3909,176.6712
session1,theta_deg,6,signal,0,225,30.0000,OK,47.5575,47.3773,233.8097,730.9447,9.9004,10.4957,1.0000,-2.4858,43.9740,41.9786,41.4882,533.5863,0.9795,9990.8859,-0.0289,0,1.4492,178.1870
session1,theta_deg,7,signal,0,225,30.0000,OK,47.5351,47.5336,238.0566,755.3212,10.0290,9.8331,1.0000,-2.3050,44.0416,42.2011,41.7366,535.7405,0.9998,9986.1780,-0.0760,0,1.4834,179.7030
session1,theta_deg,8,null,0,225,30.0000,NULL,3.2538,1.5910,1.2010,10.3453,15.9242,18.3416,0.1463,nan,nan,nan,nan,nan,1.1372,9997.8065,0.0403,0,1.4116,181.2102
session1,theta_deg,9,null,0,225,30.0000,NULL,4.5113,4.4336,1.6660,16.2623,17.8931,21.4962,0.1824,nan,nan,nan,nan,nan,1.2330,9992.4609,-0.0132,0,1.5841,182.7158
session1,theta_deg,0,signal,1,270,30.0000,OK,51.3813,53.9975,501.0429,1196.5950,7.5614,7.9038,1.0000,0.2967,48.2483,49.7601,48.5450,525.5774,1.3515,10000.4297,0.0666,0,1.5147,218.7191
session1,theta_deg,1,signal,0,270,30.0000,OK,49.8702,53.9608,498.9308,1205.8643,7.6651,8.1225,1.0000,0.3072,48.2494,49.5746,48.5567,527.7352,1.6015,9991.7543,-0.0202,0,1.4991,220.2285
session1,theta_deg,2,signal,0,270,30.0000,OK,48.9869,53.9841,500.2695,1339.9600,8.5577,8.0210,0.9992,0.0562,48.5839,49.3161,48.6401,539.6748,1.7777,9987.4954,-0.0629,0,1.4211,221.7431
session1,theta_deg,3,signal,0,270,30.0000,OK,50.0998,53.9854,500.3469,1282.2205,8.1738,7.5989,1.0000,0.1361,48.5333,49.3494,48.6695,544.0737,1.5642,9987.6169,-0.0616,0,1.4876,223.2599
session1,theta_deg,4,signal,0,270,30.0000,OK,50.2310,54.1290,508.6891,1455.4701,9.1310,8.6558,1.0000,-0.0858,48.7786,49.4595,48.6928,546.5142,1.5664,9986.9325,-0.0685,0,1.3991,224.7787
session1,theta_deg,5,signal,0,270,30.0000,OK,52.0570,54.1115,507.6596,1451.5868,9.1254,7.7927,1.0000,-0.0110,48.7345,49.4597,48.7235,547.5471,1.2668,9988.1810,-0.0560,0,1.4032,226.2952
session1,theta_deg,6,signal,0,270,30.0000,OK,51.6296,54.1006,507.0280,1410.6899,8.8880,7.8202,1.0000,-0.0870,48.7667,49.4146,48.6796,525.0148,1.3291,9986.3845,-0.0740,0,1.3502,227.8142
session1,theta_deg,7,signal,0,270,30.0000,OK,53.5612,54.1185,508.0742,1447.0564,9.0911,7.8421,1.0000,0.0325,48.7129,49.4590,48.7454,525.8170,1.0663,9992.0693,-0.0171,0,1.3591,229.3307
session1,theta_deg,8,null,0,270,30.0000,NULL,7.6235,7.1116,2.2677,12.3147,13.8727,15.8492,0.3790,nan,nan,nan,nan,nan,1.0366,9986.1348,-0.0765,0,1.3742,230.8439
session1,theta_deg,9,null,0,270,30.0000,NULL,8.8171,7.8964,2.4821,11.8982,13.0019,17.1690,0.4715,nan,nan,nan,nan,nan,0.9650,9987.3599,-0.0642,0,1.3511,232.3502
session1,theta_deg,0,signal,1,315,30.0000,CLIPPED,54.7137,56.6589,680.6802,1805.8575,8.4748,8.3184,1.0000,-2.3643,52.1656,52.5599,49.8013,529.0455,1.2510,9993.4698,-0.0031,16,1.3749,248.2403
session1,theta_deg,1,signal,0,315,30.0000,CLIPPED,55.1516,56.5632,673.2215,1687.5020,7.9817,7.6896,1.0000,-2.2626,52.0113,52.5086,49.7487,526.4808,1.1765,9992.7673,-0.0101,9,1.3297,249.7621
session1,theta_deg,2,signal,0,315,30.0000,CLIPPED,55.2320,56.5281,670.5093,1725.6132,8.2108,7.8862,1.0000,-2.2701,51.9773,52.4718,49.7072,524.8506,1.1609,9987.6048,-0.0618,7,1.3796,251.2715
session1,theta_deg,3,signal,0,315,30.0000,CLIPPED,55.1223,56.5141,669.4285,1725.6995,8.2252,7.6551,1.0000,-2.2937,51.9801,52.4564,49.6864,536.1696,1.1738,9983.7817,-0.1000,7,1.4341,252.7895
session1,theta_deg,4,signal,0,315,30.0000,CLIPPED,56.0230,56.6285,678.3086,1815.0424,8.5492,6.8965,0.9992,-2.3350,52.0600,52.4897,49.7250,535.4877,1.0722,9989.0257,-0.0475,28,1.2695,254.3098
session1,theta_deg,5,signal,0,315,30.0000,CLIPPED,55.5972,56.6188,677.5468,1832.8773,8.6439,6.7344,1.0000,-2.3086,52.0334,52.4943,49.7247,535.4694,1.1248,9989.3668,-0.0441,33,1.2243,255.8217
session1,theta_deg,6,signal,0,315,30.0000,CLIPPED,56.6260,56.6289,678.3397,1815.6580,8.5517,7.3082,1.0000,-2.2611,52.0212,52.5073,49.7601,542.3320,1.0003,9992.0352,-0.0174,33,1.2562,257.3369
session1,theta_deg,7,signal,0,315,30.0000,CLIPPED,54.9173,56.6312,678.5151,1793.1606,8.4412,7.8512,1.0000,-2.2671,52.0489,52.4847,49.7818,547.6901,1.2181,9983.7489,-0.1003,33,1.4160,258.8567
session1,theta_deg,8,null,0,315,30.0000,NULL,7.0558,6.9217,2.2186,12.4748,14.0462,16.7431,0.3374,nan,nan,nan,nan,nan,1.0988,9991.7694,-0.0201,0,1.2655,260.3658
session1,theta_deg,9,null,0,315,30.0000,NULL,9.3030,8.2868,2.5962,11.7881,12.5997,14.7230,0.5035,nan,nan,nan,nan,nan,0.9469,9996.4667,0.0269,0,1.3981,261.8782
session1,theta_deg,0,signal,1,0,30.0000,CLIPPED,146.2601,26.2601,20.5592,60.6782,9.4005,54.2009,1.0000,2.2686,19.7122,21.9013,21.9808,532.6046,0.0000,9999.9134,0.0590,12006,0.0000,19.4622
session1,theta_deg,1,signal,0,0,30.0000,CLIPPED,146.2562,26.2562,20.5500,59.6638,9.2580,48.9599,0.9622,2.2757,19.6473,22.0108,21.9230,533.0690,0.0000,9985.5739,-0.0845,11988,0.0000,20.9793
session1,theta_deg,2,signal,0,0,30.0000,CLIPPED,146.2937,26.2937,20.6389,59.8845,9.2526,43.6416,1.0000,2.3098,19.7079,21.9507,22.0176,537.9367,0.0000,9993.7406,-0.0028,12008,0.0000,22.5079
session1,theta_deg,3,signal,0,0,30.0000,CLIPPED,146.2496,26.2496,20.5344,61.2452,9.4918,56.7236,1.0000,2.2048,19.7041,21.9706,21.9089,529.1824,0.0000,9985.2150,-0.0881,11987,0.0000,24.0290
session1,theta_deg,4,signal,0,0,30.0000,CLIPPED,146.6905,26.6905,21.6036,71.5779,10.4051,42.1701,1.0000,1.2026,20.8828,22.3271,22.0854,522.9716,0.0000,9992.8953,-0.0112,11999,0.0000,25.5533
session1,theta_deg,5,signal,0,0,30.0000,CLIPPED,146.4650,26.4650,21.0499,71.1919,10.5836,40.1971,1.0000,1.4097,20.4282,22.1576,21.8379,518.6474,0.0000,9991.3733,-0.0265,12000,0.0000,27.0729
session1,theta_deg,6,signal,0,0,30.0000,CLIPPED,146.5301,26.5301,21.2083,69.0815,10.2571,58.2395,0.9992,1.1753,20.5118,22.3270,21.6871,518.5002,0.0000,9990.3526,-0.0367,12001,0.0000,28.5950
session1,theta_deg,7,signal,0,0,30.0000,CLIPPED,146.4387,26.4387,20.9862,66.9639,10.0781,46.0629,0.9561,1.4081,20.3775,22.1239,21.7856,517.3817,0.0000,9994.5558,0.0054,11999,0.0000,30.1174
session1,theta_deg,8,null,0,0,30.0000,NULL,-inf,nan,0.0000,0.0000,nan,-inf,0.0000,nan,nan,nan,nan,nan,0.0000,9977.1928,-0.1683,11989,0.0000,31.6338
session1,theta_deg,9,null,0,0,30.0000,NULL,-inf,nan,0.0000,0.0000,nan,-inf,0.0000,nan,nan,nan,nan,nan,0.0000,9998.0264,0.0401,12011,0.0000,33.1429
session1,theta_deg,0,signal,1,0,30.0000,CLIPPED,146.1941,26.1941,20.4035,58.6183,9.1666,48.5630,1.0000,2.0294,19.7745,21.9239,21.8038,540.2664,0.0000,9991.3676,-0.0398,12006,0.0000,24.4704
session1,theta_deg,1,signal,0,0,30.0000,CLIPPED,146.0999,26.0999,20.1833,57.4286,9.0827,48.6115,1.0000,1.6208,19.9630,21.8711,21.5837,532.8166,0.0000,9975.2893,-0.2007,11989,0.0000,25.9984
session1,theta_deg,2,signal,0,0,30.0000,CLIPPED,146.2825,26.2825,20.6121,56.6102,8.7754,48.9757,1.0000,1.3817,20.3367,21.9684,21.7184,525.1810,0.0000,9981.3208,-0.1403,11984,0.0000,27.5118
session1,theta_deg,3,signal,0,0,30.0000,CLIPPED,146.0842,26.0842,20.1469,57.0772,9.0451,49.8699,1.0000,1.9486,19.7393,21.8058,21.6879,532.4625,0.0000,9996.9477,0.0160,12007,0.0000,29.0328
session1,theta_deg,4,signal,0,0,30.0000,CLIPPED,146.0712,26.0712,20.1169,59.8107,9.4643,47.9888,1.0000,1.8971,19.7393,21.8249,21.6365,529.2622,0.0000,9996.9349,0.0159,12009,0.0000,30.5534
session1,theta_deg,5,signal,0,0,30.0000,CLIPPED,146.1305,26.1305,20.2546,57.7943,9.1072,43.5276,1.0000,1.9220,19.7376,21.9186,21.6595,530.6387,0.0000,9987.9641,-0.0739,11988,0.0000,32.0713
session1,theta_deg,6,signal,0,0,30.0000,CLIPPED,146.0315,26.0315,20.0252,57.1892,9.1147,55.1790,1.0000,1.9471,19.6482,21.7752,21.5953,531.9699,0.0000,9978.0078,-0.1735,11991,0.0000,33.5980
session1,theta_deg,7,signal,0,0,30.0000,CLIPPED,146.1502,26.1502,20.3008,59.4484,9.3326,52.8464,1.0000,1.4379,20.2030,21.7437,21.6409,525.0575,0.0000,9991.2864,-0.0406,12003,0.0000,35.1165
session1,theta_deg,8,null,0,0,30.0000,NULL,-inf,nan,0.0000,0.0000,nan,-inf,0.0000,nan,nan,nan,nan,nan,0.0000,9986.9623,-0.0839,11988,0.0000,36.6286
session1,theta_deg,9,null,0,0,30.0000,NULL,-inf,nan,0.0000,0.0000,nan,-inf,0.0000,nan,nan,nan,nan,nan,0.0000,9983.1893,-0.1216,11990,0.0000,38.1342
session1,theta_deg,0,signal,1,45,30.0000,CLIPPED,141.6355,21.6355,12.0719,45.4823,11.5214,46.3343,0.9346,3.9236,14.4370,16.5919,18.3606,538.3350,0.0000,9993.7779,-0.0157,11995,0.0000,55.7686
session1,theta_deg,1,signal,0,45,30.0000,CLIPPED,141.9477,21.9477,12.5137,46.9615,11.4871,75.4704,0.9468,2.5716,15.9206,16.5983,18.4922,532.6463,0.0000,9987.8661,-0.0748,11989,0.0000,57.2864
session1,theta_deg,2,signal,0,45,30.0000,CLIPPED,142.0861,22.0861,12.7147,49.7589,11.8513,49.6664,0.9445,1.6905,16.6745,16.6080,18.3649,535.6258,0.0000,9992.0508,-0.0330,12003,0.0000,58.8026
session1,theta_deg,3,signal,0,45,30.0000,CLIPPED,142.0787,22.0787,12.7038,47.3619,11.4299,65.6882,0.8938,1.4247,16.8670,16.4413,18.2916,539.0303,0.0000,9995.7269,0.0038,12005,0.0000,60.3165
session1,theta_deg,4,signal,0,45,30.0000,CLIPPED,141.8189,21.8189,12.3295,48.7922,11.9481,44.1189,0.9923,1.3804,16.6202,16.1698,18.0007,544.7620,0.0000,9993.3541,-0.0199,12007,0.0000,61.8397
session1,theta_deg,0,signal,1,0,30.0000,CLIPPED,144.5968,24.5968,16.9763,54.7603,10.1725,61.5075,1.0000,2.6185,17.8006,20.0233,20.4192,534.1607,0.0000,9989.5027,-0.0284,12000,0.0000,20.7579
session1,theta_deg,1,signal,0,0,30.0000,CLIPPED,144.1461,24.1461,16.1178,45.2449,8.9653,75.4998,0.9214,2.9042,16.8645,19.9218,19.7687,523.1976,0.0000,9990.4899,-0.0185,12000,0.0000,22.2838
session1,theta_deg,2,signal,0,0,30.0000,CLIPPED,144.6322,24.6322,17.0456,54.5217,10.0992,54.8126,0.9477,1.4050,18.5516,20.2015,19.9566,520.0124,0.0000,9993.9918,0.0165,12003,0.0000,23.8061
session1,theta_deg,3,signal,0,0,30.0000,CLIPPED,144.1230,24.1230,16.0749,50.6788,9.9736,54.2850,1.0000,2.9195,17.0284,19.8500,19.9479,540.9693,0.0000,9996.8706,0.0454,12005,0.0000,25.3403
session1,theta_deg,0,signal,1,0,30.0000,CLIPPED,146.7699,26.7699,21.8020,69.9830,10.1299,36.7510,0.9838,1.4067,20.7392,22.3445,22.1459,519.5708,0.0000,9989.0149,-0.1297,11994,0.0000,21.3234
session1,theta_deg,1,signal,0,0,30.0000,CLIPPED,146.5800,26.5800,21.3305,65.6514,9.7649,40.1321,0.9862,1.2664,20.7512,21.9640,22.0176,523.1722,0.0000,10002.4426,0.0045,12023,0.0000,22.8424
session1,theta_deg,2,signal,0,0,30.0000,CLIPPED,146.5887,26.5887,21.3518,63.7914,9.5065,51.5754,1.0000,1.3996,20.6583,22.0197,22.0579,525.4312,0.0000,9991.7933,-0.1020,12001,0.0000,24.3564
session1,theta_deg,3,signal,0,0,30.0000,CLIPPED,146.5836,26.5836,21.3393,61.7599,9.2305,37.6194,1.0000,1.3868,20.6672,21.9993,22.0540,531.5256,0.0000,9990.1114,-0.1188,12001,0.0000,25.8716
session1,theta_deg,4,signal,0,0,30.0000,CLIPPED,146.6067,26.6067,21.3961,57.4309,8.5762,25.0726,1.0000,1.5135,20.6353,22.0010,22.1487,535.2217,0.0000,9988.3843,-0.1361,12000,0.0000,27.3925
session1,theta_deg,5,signal,0,0,30.0000,CLIPPED,146.6926,26.6926,21.6087,57.4137,8.4877,25.0664,1.0000,1.4794,20.6629,22.2122,22.1423,534.3898,0.0000,9990.8344,-0.1116,11998,0.0000,28.9154
session1,theta_deg,6,signal,0,0,30.0000,CLIPPED,146.7778,26.7778,21.8217,57.6811,8.4429,52.6067,1.0000,1.2730,20.8566,22.2836,22.1295,532.2802,0.0000,9989.1000,-0.1289,11997,0.0000,30.4293
session1,theta_deg,7,signal,0,0,30.0000,CLIPPED,146.6177,26.6177,21.4233,58.7964,8.7693,38.2441,1.0000,1.4556,20.6982,22.0012,22.1538,538.6493,0.0000,9978.6625,-0.2333,11980,0.0000,31.9542
session1,theta_deg,8,null,0,0,30.0000,NULL,-inf,nan,0.0000,0.0000,nan,-inf,0.0000,nan,nan,nan,nan,nan,0.0000,9986.3609,-0.1563,11991,0.0000,33.4689
session1,theta_deg,9,null,0,0,30.0000,NULL,-inf,nan,0.0000,0.0000,nan,-inf,0.0000,nan,nan,nan,nan,nan,0.0000,9985.0794,-0.1691,11989,0.0000,34.9757
session1,theta_deg,0,signal,1,45,30.0000,CLIPPED,142.3767,22.3767,13.1472,45.8221,10.8448,59.2653,1.0000,5.8930,13.1827,17.9331,19.0756,540.6669,0.0000,9991.3647,-0.1063,12002,0.0000,79.2973
session1,theta_deg,1,signal,0,45,30.0000,CLIPPED,142.2587,22.2587,12.9699,44.2867,10.6668,48.7898,1.0000,5.3145,13.3262,17.9711,18.6407,540.0933,0.0000,9992.7174,-0.0927,11998,0.0000,80.8121
session1,theta_deg,2,signal,0,45,30.0000,CLIPPED,142.2515,22.2515,12.9591,44.8499,10.7837,29.7105,1.0000,5.5238,13.1941,17.9385,18.7180,544.5449,0.0000,9988.1578,-0.1383,12003,0.0000,82.3346
session1,theta_deg,3,signal,0,45,30.0000,CLIPPED,142.5780,22.5780,13.4555,49.1787,11.2575,27.2837,1.0000,5.8486,13.1594,18.3949,19.0080,541.7278,0.0000,9992.1032,-0.0989,12003,0.0000,83.8493
session1,theta_deg,4,signal,0,45,30.0000,CLIPPED,142.2649,22.2649,12.9791,45.1485,10.8280,75.5877,0.9977,5.8525,13.0442,17.8146,18.8967,521.3085,0.0000,9997.9178,-0.0407,12004,0.0000,85.3781
session1,theta_deg,0,signal,1,0,30.0000,CLIPPED,137.4134,17.4134,7.4246,26.2532,10.9702,27.8387,0.8214,6.4919,7.3956,12.8973,13.8875,547.3898,0.0000,9992.8780,-0.0070,12005,0.0000,17.5839
session1,theta_deg,1,signal,0,0,30.0000,CLIPPED,137.6015,17.6015,7.5871,27.4848,11.1804,75.4843,0.8659,6.2761,7.7182,13.1881,13.9943,536.0832,0.0000,9989.1203,-0.0446,12001,0.0000,19.1012
session1,theta_deg,2,signal,0,0,30.0000,CLIPPED,137.4736,17.4736,7.4762,24.2560,10.2228,17.2449,0.7991,5.5707,8.2916,12.7937,13.8623,542.1541,0.0000,9993.4684,-0.0011,12003,0.0000,20.6160
session1,theta_deg,3,signal,0,0,30.0000,CLIPPED,137.4545,17.4545,7.4597,25.4849,10.6712,17.3522,0.7995,6.2639,7.7295,12.7551,13.9934,544.2917,0.0000,9979.9427,-0.1364,11984,0.0000,22.1431
session1,theta_deg,0,signal,1,0,30.0000,OK,49.8875,50.4559,333.2679,842.2814,8.0532,8.0128,1.0000,0.2247,44.9127,46.0028,45.1374,527.2404,1.0676,9999.2340,0.0120,0,1.3210,27.1535
session1,theta_deg,1,signal,0,0,30.0000,OK,50.9094,50.4588,333.3818,825.0311,7.8705,7.9054,1.0000,0.2315,44.9127,46.0039,45.1442,528.1145,0.9495,9997.8316,-0.0020,0,1.2435,28.6766
session1,theta_deg,2,signal,0,0,30.0000,OK,50.3705,50.4645,333.6001,785.4277,7.4376,7.6527,1.0000,0.2744,44.9057,46.0409,45.1800,525.1732,1.0109,9987.1814,-0.1085,0,1.2151,30.1957
session1,theta_deg,3,signal,0,0,30.0000,OK,51.0994,50.4675,333.7132,830.3692,7.9179,7.8124,1.0000,0.3138,44.8861,46.0421,45.2000,525.6057,0.9298,9994.1832,-0.0385,0,1.2768,31.7075
session1,theta_deg,4,signal,0,0,30.0000,OK,50.1264,50.4605,333.4447,917.7971,8.7944,7.9638,1.0000,0.2695,44.9047,46.0321,45.1742,534.3147,1.0392,9986.6248,-0.1141,0,1.4134,33.2220
session1,theta_deg,5,signal,0,0,30.0000,OK,51.1525,50.4643,333.5905,877.4281,8.3999,8.0679,1.0000,0.2944,44.8953,46.0366,45.1897,539.0250,0.9238,9993.9706,-0.0406,0,1.3218,34.7361
session1,theta_deg,6,signal,0,0,30.0000,OK,50.9278,50.4573,333.3225,824.4788,7.8663,7.9024,1.0000,0.2816,44.8940,46.0303,45.1756,544.3691,0.9473,9989.5451,-0.0849,0,1.3181,36.2517
session1,theta_deg,7,signal,0,0,30.0000,OK,50.4568,50.4694,333.7865,925.3452,8.8567,7.7837,0.9992,0.2828,44.9042,46.0441,45.1870,523.6704,1.0015,9989.1068,-0.0893,0,1.2110,37.7671
session1,theta_deg,8,null,0,0,30.0000,NULL,7.4030,6.5787,2.1327,12.6662,14.6026,14.5292,0.4149,nan,nan,nan,nan,nan,1.0055,9996.1613,-0.0187,0,1.3013,39.2809
session1,theta_deg,9,null,0,0,30.0000,NULL,6.4495,5.5621,1.8972,10.4918,13.7396,16.3340,0.3475,nan,nan,nan,nan,nan,1.0266,9987.1413,-0.1089,0,1.3055,40.7870
session1,theta_deg,0,signal,1,45,30.0000,OK,49.6665,50.5278,336.0388,821.9107,7.7687,8.7551,0.9985,0.1744,45.0193,46.1158,45.1937,516.7316,1.1043,9983.9068,-0.1413,0,1.3679,42.6682
session1,theta_deg,1,signal,0,45,30.0000,OK,50.3735,50.4577,333.3370,780.7688,7.3927,9.1099,1.0000,-0.0763,45.0977,46.0557,45.0214,520.6279,1.0097,9987.9404,-0.1009,0,1.2401,44.1786
session1,theta_deg,2,signal,0,45,30.0000,OK,42.9946,50.4521,333.1218,740.2347,6.9351,7.6938,0.9985,-0.0326,45.0303,46.1565,44.9976,531.0989,2.3599,9992.4900,-0.0554,0,1.2504,45.6945
session1,theta_deg,3,signal,0,45,30.0000,OK,46.7955,50.4105,331.5305,795.7859,7.6054,8.8016,0.9985,0.4754,44.6675,46.1747,45.1429,533.1418,1.5162,9995.4642,-0.0257,0,1.1883,47.2108
session1,theta_deg,4,signal,0,45,30.0000,OK,47.1948,46.8370,219.7102,589.3922,8.5710,7.8595,1.0000,0.9987,41.0109,42.2041,42.0097,539.4521,0.9597,9991.6188,-0.0641,0,1.2404,48.7194
session1,theta_deg,5,signal,0,45,30.0000,OK,45.1792,44.6954,171.7008,477.3629,8.8814,8.0465,1.0000,1.6028,38.9963,39.3575,40.5990,526.2595,0.9458,9987.4688,-0.1056,0,1.2017,50.2277
session1,theta_deg,6,signal,0,45,30.0000,OK,44.1136,44.6955,171.7025,498.0666,9.2500,8.1513,0.9985,1.5413,39.0470,39.2944,40.5883,536.6266,1.0693,9990.1872,-0.0785,0,1.3122,51.7450
session1,theta_deg,7,signal,0,45,30.0000,OK,44.8514,44.6984,171.7583,516.3339,9.5601,8.0334,1.0000,1.5480,39.0468,39.2712,40.5948,538.7276,0.9825,9990.2063,-0.0783,0,1.2548,53.2593
session1,theta_deg,8,null,0,45,30.0000,NULL,7.4073,6.3530,2.0780,10.0216,12.7950,16.0567,0.3929,nan,nan,nan,nan,nan,0.9791,9991.7896,-0.0624,0,1.3428,54.7765
session1,theta_deg,9,null,0,45,30.0000,NULL,8.4917,6.8799,2.2080,11.2424,13.4746,16.3917,0.4692,nan,nan,nan,nan,nan,0.8965,9987.2346,-0.1080,0,1.2930,56.2892
session1,theta_deg,0,signal,1,90,30.0000,OK,40.7975,40.5819,106.9290,323.2241,9.6078,8.0686,0.9992,2.2361,34.2400,35.4134,36.4761,544.5658,0.9755,9991.4466,-0.0659,0,1.2016,62.3803
session1,theta_deg,1,signal,0,90,30.0000,OK,40.1862,40.5344,106.3460,352.8476,10.4169,9.4411,1.0000,2.3485,34.1396,35.3901,36.4880,546.6480,1.0410,9988.1464,-0.0989,0,1.3514,63.8957
session1,theta_deg,2,signal,0,90,30.0000,OK,39.2619,40.5456,106.4828,354.9076,10.4562,9.3011,1.0000,2.2302,34.1982,35.4589,36.4283,550.7933,1.1593,9991.0439,-0.0699,0,1.2391,65.4116
session1,theta_deg,3,signal,0,90,30.0000,OK,39.9520,40.5535,106.5804,343.9004,10.1747,9.7190,1.0000,2.3011,34.1902,35.4155,36.4913,529.0359,1.0718,9987.9793,-0.1005,0,1.1703,66.9260
session1,theta_deg,4,signal,0,90,30.0000,OK,35.0089,40.5139,106.0947,307.2685,9.2351,9.1486,1.0000,2.1853,34.2247,35.3758,36.4101,533.4222,1.8850,9993.9590,-0.0407,0,1.5788,68.4424
session1,theta_deg,5,signal,0,90,30.0000,OK,40.0768,40.5214,106.1871,350.3192,10.3674,8.8078,1.0000,2.1983,34.2249,35.3964,36.4231,537.6327,1.0526,9991.9516,-0.0608,0,1.3136,69.9575
session1,theta_deg,6,signal,0,90,30.0000,OK,20.6923,40.5125,106.0780,340.6826,10.0973,8.6018,0.9530,2.6720,33.9905,35.0710,36.6625,546.0389,9.8371,9993.7942,-0.0424,0,1.2779,71.4719
session1,theta_deg,7,signal,0,90,30.0000,OK,26.0721,39.9061,98.9242,293.4381,9.4335,10.8457,0.9900,1.2284,34.1604,34.7455,35.3888,524.7465,4.9231,9991.4915,-0.0654,0,1.6487,72.9863
session1,theta_deg,8,null,0,90,30.0000,NULL,7.0510,18.1784,8.1081,56.8037,15.9553,10.1200,0.3718,nan,nan,nan,nan,nan,4.0185,9993.9282,-0.0410,0,1.9268,74.4915
session1,theta_deg,9,null,0,90,30.0000,FALSE_ALARM,15.4335,22.3735,13.1424,48.8860,11.2841,11.8223,0.8422,11.9696,9.7816,9.6999,21.7512,6.0045,2.2558,9992.5541,-0.0548,0,2.0921,76.0095
session1,theta_deg,0,signal,1,135,30.0000,OK,33.1918,33.2067,45.7443,171.3809,11.4704,9.8711,0.9962,2.3023,27.7846,25.9752,30.0869,539.1911,1.0020,9994.6016,-0.0343,0,1.2311,94.3102
session1,theta_deg,1,signal,0,135,30.0000,OK,32.7331,32.9660,44.4941,144.6318,10.2369,9.9457,0.9977,2.5935,27.2402,26.0722,29.8337,550.9183,1.0275,9990.5914,-0.0744,0,1.3824,95.8281
session1,theta_deg,2,signal,0,135,30.0000,OK,32.1860,33.0820,45.0918,165.9262,11.3137,9.7787,0.9969,2.9565,27.1218,26.0936,30.0783,553.0679,1.1090,9989.7314,-0.0830,0,1.3061,97.3442
session1,theta_deg,3,signal,0,135,30.0000,PRE_DIRTY,23.5762,33.1256,45.3192,160.3482,10.9565,9.7984,0.9908,3.3001,26.8918,26.0158,30.1919,556.6140,3.0090,9987.1721,-0.1086,0,2.2596,98.8598
session1,theta_deg,4,signal,0,135,30.0000,OK,24.4632,32.9972,44.6539,182.1536,12.1960,8.9762,0.9915,2.4680,27.3732,25.9666,29.8412,558.8451,2.6760,9986.6667,-0.1137,0,1.1090,100.3740
session1,theta_deg,5,signal,0,135,30.0000,OK,19.9192,32.8239,43.7721,160.2943,11.2299,9.2136,0.9677,1.9721,27.6366,25.7365,29.6087,536.9787,4.4408,9998.5338,0.0050,0,0.9650,101.8914
session1,theta_deg,6,signal,0,135,30.0000,GLITCH,22.7937,34.0772,50.5659,257.2030,14.1055,13.6283,0.9800,1.8667,28.5602,28.2075,30.4268,525.2818,3.6755,9990.8284,-0.0720,0,1.8893,103.4101
session1,theta_deg,7,signal,0,135,30.0000,PRE_DIRTY,26.3267,32.3520,41.4574,147.1358,10.9922,9.4017,0.9892,1.5456,27.2051,25.8452,28.7508,541.5451,2.0034,9986.2403,-0.1179,0,4.5421,104.9256
session1,theta_deg,8,null,0,135,30.0000,NULL,-1.6624,nan,0.0000,7.9881,12.2190,15.0396,0.0424,nan,nan,nan,nan,nan,2.3692,9984.2411,-0.1379,0,5.4039,106.4382
session1,theta_deg,9,null,0,135,30.0000,NULL,1.6502,-0.2711,0.9693,10.1723,15.4180,18.3723,0.1216,nan,nan,nan,nan,nan,1.4256,9993.0384,-0.0499,0,1.4216,107.9488
session1,theta_deg,0,signal,1,180,30.0000,OK,28.6752,33.1625,45.5120,139.1540,9.7015,10.0944,0.9931,2.8525,27.2762,26.1331,30.1287,549.0237,1.6775,9986.8175,-0.1122,0,1.4821,121.4575
session1,theta_deg,1,signal,0,180,30.0000,OK,33.0105,33.1530,45.4624,148.4777,10.2780,9.4499,0.9977,3.0089,27.1447,26.2313,30.1535,554.3042,1.0168,9983.6870,-0.1435,0,1.3495,122.9749
session1,theta_deg,2,signal,0,180,30.0000,OK,33.3427,33.1150,45.2639,146.8602,10.2210,9.7431,0.9969,2.0656,27.8119,26.0950,29.8774,554.3126,0.9744,9987.1446,-0.1089,0,1.2756,124.4833
session1,theta_deg,3,signal,0,180,30.0000,OK,31.5209,33.1419,45.4042,145.4109,10.1070,9.8851,0.9985,1.9140,27.9805,26.0333,29.8945,539.7200,1.2056,10001.4815,0.0345,0,1.1806,125.9953
session1,theta_deg,4,signal,0,180,30.0000,OK,32.7890,33.1200,45.2900,143.9098,10.0395,9.7125,0.9992,2.5244,27.4270,26.2441,29.9514,548.9738,1.0391,9993.1906,-0.0484,0,1.2785,127.5154
session1,theta_deg,5,signal,0,180,30.0000,OK,28.3419,33.4661,47.1308,145.1315,9.7628,9.8267,0.9946,3.0922,27.2897,26.9466,30.3819,549.5680,1.8052,9993.3045,-0.0473,0,1.2700,129.0327
session1,theta_deg,6,signal,0,180,30.0000,OK,31.4587,33.0345,44.8462,147.5163,10.3392,10.0012,0.9969,3.3240,26.6276,26.4100,29.9516,553.8611,1.1994,9984.4524,-0.1358,0,1.2714,130.5485
session1,theta_deg,7,signal,0,180,30.0000,OK,31.6542,33.1997,45.7071,155.0109,10.6046,9.6932,0.9992,2.7181,27.3059,26.5645,30.0239,556.7317,1.1952,9988.6536,-0.0938,0,1.4306,132.0626
session1,theta_deg,8,null,0,180,30.0000,NULL,0.0969,-11.6098,0.2627,11.4223,16.2018,15.8063,0.0585,nan,nan,nan,nan,nan,1.7491,9998.4526,0.0042,0,1.2267,133.5740
session1,theta_deg,9,null,0,180,30.0000,NULL,7.9184,12.9808,4.4570,20.0640,12.3026,10.4475,0.3988,nan,nan,nan,nan,nan,1.9560,9999.7910,0.0176,0,1.2041,135.0874
session1,theta_deg,0,signal,1,225,30.0000,NOISE,6.8973,6.3229,2.0708,11.0284,13.5349,13.2221,0.4249,nan,nan,nan,nan,nan,1.0493,9994.4143,-0.0362,0,1.1660,171.2589
session1,theta_deg,1,signal,0,225,30.0000,NOISE,6.0758,4.6962,1.7172,10.8691,14.7965,16.1156,0.3285,nan,nan,nan,nan,nan,0.9831,9984.4220,-0.1361,0,1.3508,172.7707
session1,theta_deg,2,signal,0,225,30.0000,PRE_DIRTY,23.7765,51.1521,361.0799,667.8615,5.3234,0.5407,1.0000,nan,51.0602,30.4706,nan,318.6321,23.4257,9989.5784,-0.0845,0,11.1773,174.2791
session1,theta_deg,3,signal,0,225,30.0000,NOISE,4.7911,47.4638,236.1504,509.7743,4.9328,0.6818,0.4011,nan,nan,nan,nan,nan,166.4107,9997.6059,-0.0043,0,1.1909,175.7924
session1,theta_deg,4,signal,0,225,30.0000,NOISE,8.4613,20.6612,10.7910,35.7778,9.7433,8.0670,0.7442,nan,nan,nan,nan,nan,4.3993,9990.4034,-0.0763,0,1.2897,177.3028
session1,theta_deg,5,signal,0,225,30.0000,NOISE,14.1805,27.7150,24.3081,267.1359,20.6505,15.8643,0.2271,nan,nan,nan,nan,nan,4.8437,9998.2235,0.0019,0,1.2241,178.8120
session1,theta_deg,6,signal,0,225,30.0000,NOISE,4.4034,16.6757,6.8200,26.2966,9.7651,9.6597,0.3436,nan,nan,nan,nan,nan,5.1461,9989.6723,-0.0836,0,0.9699,180.3259
session1,theta_deg,7,signal,0,225,30.0000,OK,16.9849,21.8672,12.3983,32.8415,8.3734,7.3984,0.9761,-12.0319,23.7607,6.4104,11.7288,635.8672,1.7722,9995.7986,-0.0223,0,1.1524,181.8449
session1,theta_deg,8,null,0,225,30.0000,FALSE_ALARM,21.6901,37.2487,72.8509,283.7740,11.7812,10.2438,0.7766,-19.2422,37.1438,26.6164,17.9016,823.8748,6.0174,9985.7408,-0.1229,0,1.0994,183.3685
session1,theta_deg,9,null,0,225,30.0000,NULL,5.5605,28.0068,25.1385,94.6175,10.0984,9.9863,0.3898,nan,nan,nan,nan,nan,15.5965,9987.3086,-0.1072,0,1.5447,184.8755
session1,theta_deg,0,signal,1,270,30.0000,NOISE,2.1359,0.2176,1.0254,10.6862,16.2526,16.4411,0.1347,nan,nan,nan,nan,nan,1.2865,9993.7333,-0.0430,0,1.4903,190.4616
session1,theta_deg,1,signal,0,270,30.0000,OK,18.6070,30.3915,33.0806,101.6613,9.6914,10.1673,0.9800,17.6763,12.4955,16.3966,30.1719,36.1536,3.9105,9985.1749,-0.1286,0,1.8774,191.9807
session1,theta_deg,2,signal,0,270,30.0000,OK,22.3277,31.4468,37.3544,120.5460,10.1507,10.6618,0.9923,-2.6572,21.9301,30.4794,19.2729,694.5887,2.8657,9995.8432,-0.0219,0,1.1285,193.4984
session1,theta_deg,3,signal,0,270,30.0000,OK,18.0772,36.4235,66.2481,246.3334,11.3388,10.7466,0.9299,0.8281,25.3289,35.4444,26.1570,781.9427,8.3315,9987.9435,-0.1009,0,1.8812,195.0075
session1,theta_deg,4,signal,0,270,30.0000,OK,10.4046,39.5948,95.4418,284.8834,9.0837,7.8948,0.8774,1.5564,29.2078,38.3417,30.7642,593.6579,30.2170,9983.8649,-0.1417,0,1.8495,196.5221
session1,theta_deg,5,signal,0,270,30.0000,NOISE,5.8548,5.8924,1.9707,10.4371,13.1732,16.6675,0.2910,nan,nan,nan,nan,nan,1.1673,9995.8698,-0.0216,0,1.3443,198.0323
session1,theta_deg,6,signal,0,270,30.0000,PRE_DIRTY,10.5399,30.8780,34.9865,142.6065,11.8033,10.3811,0.4935,nan,nan,nan,nan,nan,10.8888,9996.7504,-0.0128,0,2.6796,199.5450
session1,theta_deg,7,signal,0,270,30.0000,NOISE,5.0124,20.4235,10.4996,42.6790,10.5356,13.9421,0.3303,nan,nan,nan,nan,nan,7.1255,9996.3510,-0.0168,0,1.9029,201.0566
session1,theta_deg,8,null,0,270,30.0000,FALSE_ALARM,12.4156,25.1239,18.0382,82.6822,12.9679,10.7623,0.6566,nan,24.9988,14.8448,nan,266.9236,4.4487,9976.6382,-0.2140,0,1.2823,202.5734
session1,theta_deg,9,null,0,270,30.0000,FALSE_ALARM,17.1359,23.5550,15.0573,62.5695,12.2875,15.0455,0.9129,3.1237,12.3601,22.3885,15.4837,788.9266,2.1144,9989.5226,-0.0851,0,1.5846,204.0936
session1,theta_deg,0,signal,1,315,30.0000,OK,48.9184,51.3682,370.1786,861.1650,7.3334,1.6438,1.0000,-29.9216,45.0683,45.7612,15.1467,698.2288,1.3258,9982.4013,-0.1563,0,1.2579,214.2277
session1,theta_deg,1,signal,0,315,30.0000,NOISE,5.9984,49.1931,288.1728,648.4788,5.7880,1.4384,0.5262,nan,nan,nan,nan,nan,166.9457,9990.0067,-0.0803,0,1.0361,215.7399
session1,theta_deg,2,signal,0,315,30.0000,NOISE,1.7226,46.8504,220.0493,625.8994,4.2308,2.1792,0.0000,nan,nan,nan,nan,nan,315.3820,9991.5635,-0.0647,0,0.9817,217.2564
session1,theta_deg,3,signal,0,315,30.0000,NOISE,-0.6505,nan,0.0000,545.9367,4.5630,1.9876,0.0000,nan,nan,nan,nan,nan,347.9518,9987.5304,-0.1050,0,0.7576,218.7683
session1,theta_deg,4,signal,0,315,30.0000,GLITCH,22.1567,27.8169,24.5949,99.6141,12.1230,13.8793,0.7960,-14.7410,27.1053,18.6529,12.3643,230.9372,1.9246,9994.0605,-0.0397,0,1.2663,220.2821
session1,theta_deg,5,signal,0,315,30.0000,GLITCH,12.9950,17.1536,7.2057,35.7301,13.6835,13.5932,0.6556,6.9070,5.1886,14.2028,12.0956,206.9541,1.6562,9987.7241,-0.1031,0,1.3372,221.7977
session1,theta_deg,6,signal,0,315,30.0000,NOISE,1.0215,1.2214,1.1510,10.3007,12.2498,13.8428,0.1162,nan,nan,nan,nan,nan,2.2351,9994.4635,-0.0357,0,1.3991,223.3115
session1,theta_deg,7,signal,0,315,30.0000,NOISE,6.6463,6.3741,2.0831,13.0050,14.8487,17.5853,0.3382,nan,nan,nan,nan,nan,1.0949,9988.2753,-0.0976,0,1.3896,224.8257
session1,theta_deg,8,null,0,315,30.0000,NULL,-3.5746,nan,0.0000,11.7085,10.8988,10.3404,0.0023,nan,nan,nan,nan,nan,5.0384,9985.4562,-0.1258,0,1.2434,226.3382
session1,theta_deg,9,null,0,315,30.0000,NULL,7.2008,5.9286,1.9789,10.5872,13.6491,15.1967,0.4052,nan,nan,nan,nan,nan,0.9600,9989.2349,-0.0880,0,1.2263,227.8452
